{"train_loss": [0.28377015987843274, 0.17058878254443408, 0.17266461946815254, 0.14203254657179118, 0.11875474559277296, 0.10416923852592706, 0.09402285487830639, 0.08495683453023434, 0.07688757469892502, 0.07129174173742532, 0.06487831234902143, 0.05965342156022787, 0.0535384350541234, 0.04918620054423809, 0.043637753557264805, 0.039559725883901116, 0.03511241553068161, 0.03107063695371151, 0.026429630871713163, 0.02296463885843754, 0.019353049252927305, 0.016082923699319362, 0.013905372563004493, 0.011009852613806725, 0.009714701385200024, 0.008206486792564392, 0.0071271054676175115, 0.0061038263463974, 0.005649671826958656, 0.0053087282878160474], "val_loss": [0.18253615627586842, 0.18240757736861707, 0.16376378830373287, 0.11969177257716655, 0.1280492445230484, 0.10213903918862342, 0.1019652094423771, 0.08321166839897633, 0.08565966898798942, 0.07593923687338829, 0.07080254107713699, 0.06942718993127346, 0.06653861912190914, 0.0630527995377779, 0.061824623998999594, 0.06365892536044121, 0.05761138666570187, 0.05950864754617214, 0.062349408954381944, 0.05924126756191254, 0.058888130900263784, 0.0613398736268282, 0.06334201664924621, 0.0662920914977789, 0.0652991621106863, 0.06729792082309723, 0.068128409999609, 0.07096398451030254, 0.0704424628019333, 0.07073734420835971], "train_acc": [0.902875, 0.93699, 0.93634, 0.94758, 0.9556275, 0.9614475, 0.9650825, 0.968365, 0.97109, 0.9733075, 0.97563, 0.977465, 0.979745, 0.9811475, 0.9833525, 0.984785, 0.986365, 0.988105, 0.98965, 0.9911725, 0.9922775, 0.9936725, 0.9947025, 0.9958, 0.9963675, 0.9968225, 0.99733, 0.9976025, 0.9978125, 0.9979175], "val_acc": [0.9339, 0.935975, 0.94225, 0.956175, 0.95275, 0.961175, 0.965275, 0.96915, 0.96885, 0.971525, 0.9739, 0.97445, 0.9753, 0.97725, 0.976875, 0.976475, 0.980075, 0.9788, 0.979425, 0.980725, 0.980975, 0.981375, 0.9815, 0.98125, 0.982425, 0.982625, 0.982525, 0.98275, 0.9829, 0.9829], "val_f1": [0.9340804741929113, 0.9355883034062202, 0.9422328417273438, 0.9562679163457204, 0.9528823976271157, 0.9612128795204288, 0.965285928023133, 0.9691482065165403, 0.9688836415537873, 0.9715185462010296, 0.973911885314747, 0.9744903207804393, 0.975327153060337, 0.9772533744585712, 0.976875451794837, 0.9764714693772008, 0.9800740802111455, 0.9788216774571116, 0.9794339960644658, 0.9807294894448668, 0.9809786209903282, 0.9813776990301825, 0.9814985575079237, 0.9812559430246091, 0.982424109107572, 0.9826264734778997, 0.9825271893771537, 0.9827550972527789, 0.9829018350667705, 0.9829006593379823]}